Persona,Journey Stage,Feature/Capability,Status (IMPLEMENTED / PARTIAL / NOT IMPLEMENTED / PROPOSED),Evidence Source,Severity Gap,Notes
Visitor,Entry,Landing page with hero, value props, CTA,IMPLEMENTED,index.html + styles.css + app.js,"None",WCAG 2.2 AA palette verified; noindex,nofollow active
Visitor,Entry,Theme toggle (dark/light),IMPLEMENTED,theme-boot.js + app.js + styles.css,"None",No-flash boot; persisted in localStorage
Visitor,Entry,Mobile-responsive navigation,IMPLEMENTED,app.js + styles.css,"None",Hamburger menu with roving tabindex
Visitor,Entry,FAQ accordion,IMPLEMENTED,index.html + app.js,"None",ARIA-expanded, keyboard accessible
Visitor,Identity/Consent,Lead capture form (promoter/business/partner lanes),IMPLEMENTED,app.js + index.html,"None","Phone validation (Nigerian MSISDN), honeypot, consent timestamp, UTM/ref capture"
Visitor,Identity/Consent,Referral code preview (?ref=),IMPLEMENTED,app.js (preview_referral RPC),"None","Shows masked referrer name; attaches code to signup"
Visitor,Identity/Consent,Queue position display,IMPLEMENTED,app.js (lead_position RPC),"None",Returns position + referral count only
Visitor,Identity/Consent,Share intents (WhatsApp/X/Facebook),IMPLEMENTED,app.js (shareLinks),"None","Honest copy, no income promises; encodes ref in URL"
Visitor,Identity/Consent,Duplicate phone handling,IMPLEMENTED,0004_submit_lead.sql + 0007_fix_submit_lead_oracle.sql,"LOW (was MEDIUM)","Fixed in 0007: returns SAME success shape for known/unknown phones — no membership oracle"
Visitor,Identity/Consent,SMS double opt-in (Termii),NOT IMPLEMENTED,LEAD-CAPTURE.md §4 + outbox topic 'lead.captured',"HIGH","Outbox event exists; Termii API key + worker absent; BLOCKER for verified_at"
Visitor,Eligibility,Phone network detection (MTN/Glo/Airtel/9mobile),PARTIAL,app.js normalisePhone + LEAD-CAPTURE.md,"MEDIUM","Normalises to 0803... format; network column in leads table; aggregator confirmation NOT built"
Visitor,Eligibility,Minimum followers check (200+),NOT IMPLEMENTED,FAQ #1 + index.html §earn step 2,"HIGH","Claimed in UI; no backend verification; platform API integration absent"
Visitor,Eligibility,Age verification (18+),NOT IMPLEMENTED,0001_core.sql profiles.age_verified_at + KYC tier,"HIGH","Schema exists; no KYC flow or IDV integration"
Visitor,Campaign/Task Discovery,Campaign listing page,NOT IMPLEMENTED,0001_core.sql campaigns table + server.mjs,"CRITICAL","Full campaigns/tasks/payout schema in DB; ZERO server routes; server.mjs is static-only"
Visitor,Campaign/Task Discovery,Task assignment + instructions,NOT IMPLEMENTED,0001_core.sql tasks table + app.js,"CRITICAL","DB has task_state machine, 24h auto-approve; no UI, no API"
Visitor,Campaign/Task Discovery,Disclosure tag enforcement (#ad),PROPOSED,index.html FAQ + 0001_core.sql tasks.disclosure_tag,"HIGH","Default '#ad' in schema; no runtime enforcement or validation"
Visitor,Campaign/Task Discovery,Tracked link generation,NOT IMPLEMENTED,0001_core.sql tasks.tracked_link,"CRITICAL","Column exists; no generation/click-tracking service"
Visitor,Proof Submission,Proof upload (URL/media),NOT IMPLEMENTED,0001_core.sql tasks.proof_url,"CRITICAL","Column exists; no upload endpoint, no storage, no malware scan"
Visitor,Proof Submission,Automated checks (clicks, signups, codes),NOT IMPLEMENTED,0001_core.sql campaigns.objective,"CRITICAL","Objective enum exists (click|signup|code|api_post); no verification workers"
Visitor,Proof Submission,Human review sampling (10%),NOT IMPLEMENTED,0001_core.sql settings.fraud.review_sample_pct,"HIGH","Setting exists (10%); no review queue UI, no assignment logic"
Visitor,Proof Submission,24h auto-approve on poster silence,NOT IMPLEMENTED,0001_core.sql auto_approve_stale_tasks(),"HIGH","Function exists; no cron/scheduler; outbox topic 'task.auto_approved' defined"
Visitor,Verification,Click verification,NOT IMPLEMENTED,0001_core.sql + LEAD-CAPTURE.md,"CRITICAL","No click-tracking infrastructure"
Visitor,Verification,Sign-up verification,NOT IMPLEMENTED,0001_core.sql + LEAD-CAPTURE.md,"CRITICAL","No business-callback or webhook handler"
Visitor,Verification,Promo-code verification,NOT IMPLEMENTED,0001_core.sql + LEAD-CAPTURE.md,"CRITICAL","No code redemption endpoint"
Visitor,Verification,API post verification,NOT IMPLEMENTED,0001_core.sql + LEAD-CAPTURE.md,"CRITICAL","No webhook receiver"
Visitor,Reward/Ledger State,Double-entry ledger,NOT IMPLEMENTED,0001_core.sql ledger_entries + postings,"CRITICAL","Full schema + invariants (balance, immutability, single-currency); NO server routes"
Visitor,Reward/Ledger State,Escrow before campaign live,NOT IMPLEMENTED,0001_core.sql assert_campaign_funded(),"CRITICAL","Trigger exists; no campaign creation/funding UI or API"
Visitor,Reward/Ledger State,Promoter share + fraud reserve + margin floor,NOT IMPLEMENTED,0001_core.sql campaigns.promoter_share_bp/fraud_reserve_bp/margin_floor_bp,"CRITICAL","Schema + triggers enforce; no runtime calculation or payout execution"
Visitor,Reward/Ledger State,Data reward fulfillment (MTN/Glo/Airtel),NOT IMPLEMENTED,0001_core.sql payouts.kind='data' + profiles.network,"CRITICAL","Schema allows; Termii/API aggregator absent; no worker"
Visitor,Reward/Ledger State,Cash payout with KYC T2 + age,NOT IMPLEMENTED,0001_core.sql assert_payout_eligibility(),"CRITICAL","Trigger enforces; no KYC flow, no payout execution worker"
Visitor,Reward/Ledger State,Idempotent payouts (idempotency_key),NOT IMPLEMENTED,0001_core.sql payouts.idempotency_key unique,"HIGH","Index exists; no payout creation API"
Visitor,Reward/Ledger State,Outbox for async events,NOT IMPLEMENTED,0001_core.sql outbox + claim_outbox_batch(),"HIGH","Table + claim function exist; no worker process"
Visitor,Dispute/Support,Dispute lifecycle (open→under_review→upheld/rejected),NOT IMPLEMENTED,0001_core.sql disputes table + state machine,"HIGH","Full state machine + triggers; no UI, no API, no SLA enforcement"
Visitor,Dispute/Support,Dispute SLA (72h),NOT IMPLEMENTED,0001_core.sql disputes.sla_due_at + settings.dispute.sla_hours,"HIGH","Column + setting exist; no escalation automation"
Visitor,Dispute/Support,Admin/support dashboard,NOT IMPLEMENTED,0001_core.sql permissions + RBAC,"HIGH","RBAC schema + permissions table; zero admin UI"
Visitor,Retention/Referral/Exit,Referral queue priority (no cash),IMPLEMENTED,0002_leads.sql + LEAD-CAPTURE.md §3,"None","Anti-MLM: referrals move queue only; ZERO cash for referrals — proven in code"
Visitor,Retention/Referral/Exit,Referral code format (8-char, unambiguous),IMPLEMENTED,0002_leads.sql assign_referral_code(),"None","31-char alphabet, collision-retried; regression test: 40 codes all valid"
Visitor,Retention/Referral/Exit,Self-referral prevention,NOT IMPLEMENTED,0002_leads.sql leads_no_self_referral constraint,"MEDIUM","Constraint exists; no test for crafted self-referral edge case"
Visitor,Retention/Referral/Exit,Weekend data giveaway / first-100,PROPOSED,README.md + index.html (NOT in code),"HIGH","Mentioned in copy as future program; NO eligibility, fairness, funding, terms, legal review"
Visitor,Retention/Referral/Exit,Level system (1-50),PROPOSED,index.html hero-facts + FAQ,"HIGH","Mentioned in copy; NO schema, NO XP/points model, NO progression logic"
Visitor,Retention/Referral/Exit,Account deletion / data retention,NOT IMPLEMENTED,GDPR/NDPA compliance,"HIGH","No deletion endpoint, no retention schedule, no consent withdrawal flow"
Promoter/Creator,Eligibility,Profile completion (platform link, KYC),NOT IMPLEMENTED,0001_core.sql profiles table,"CRITICAL","Schema has phone_e164, kyc_tier, age_verified_at, network; no onboarding flow"
Promoter/Creator,Campaign/Task Discovery,Task feed (assigned/available),NOT IMPLEMENTED,0001_core.sql tasks.assigned_to,"CRITICAL","Column exists; no feed UI, no assignment logic"
Promoter/Creator,Proof Submission,Proof submission form,NOT IMPLEMENTED,0001_core.sql tasks.proof_url + state machine,"CRITICAL","No UI for submitting proof_url; no validation"
Promoter/Creator,Reward/Ledger State,Wallet/balance view,NOT IMPLEMENTED,0001_core.sql ledger_entries (promoter_id),"CRITICAL","Ledger tracks by promoter_id; no read API, no UI"
Promoter/Creator,Reward/Ledger State,Withdrawal request,NOT IMPLEMENTED,0001_core.sql payouts + settings.payout.min_*,"CRITICAL","Settings exist; no request flow, no batch execution"
Promoter/Creator,Dispute/Support,Raise dispute on task,NOT IMPLEMENTED,0001_core.sql disputes.raised_by,"HIGH","Schema allows; no UI, no API"
Promoter/Creator,Retention/Referral/Exit,Invite sharing + queue position,NOT IMPLEMENTED,app.js (shareLinks + lead_position RPC),"PARTIAL","Frontend exists; backend position works; no viral loop analytics"
Advertiser/Campaign Owner,Entry,Campaign creation wizard,NOT IMPLEMENTED,0001_core.sql campaigns table,"CRITICAL","Full schema; zero create/edit UI or API"
Advertiser/Campaign Owner,Campaign/Task Discovery,Campaign dashboard (spent, pacing),NOT IMPLEMENTED,0001_core.sql campaigns.spent_minor/budget_minor,"CRITICAL","Columns exist; no dashboard, no auto-pause UI"
Advertiser/Campaign Owner,Campaign/Task Discovery,Task creation + pricing,NOT IMPLEMENTED,0001_core.sql tasks.reward_minor + campaigns.price_per_outcome_minor,"CRITICAL","Schema defines; no task builder UI"
Advertiser/Campaign Owner,Verification,Outcome verification dashboard,NOT IMPLEMENTED,0001_core.sql tasks.state + objectives,"CRITICAL","No verification UI; no manual review queue"
Advertiser/Campaign Owner,Reward/Ledger State,Escrow funding UI,NOT IMPLEMENTED,0001_core.sql escrow accounts + assert_campaign_funded(),"CRITICAL","Trigger enforces funding; no funding UI, no payment gateway"
Advertiser/Campaign Owner,Reward/Ledger State,Unspent budget return,NOT IMPLEMENTED,0001_core.sql campaigns state machine,"CRITICAL","State has 'settled'; no settlement logic, no refund flow"
Advertiser/Campaign Owner,Dispute/Support,Dispute resolution,NOT IMPLEMENTED,0001_core.sql disputes.resolved_by + permissions,"HIGH","Permissions exist (dispute.resolve); no UI"
Advertiser/Campaign Owner,Retention/Referral/Exit,Campaign analytics/export,NOT IMPLEMENTED,0001_core.sql + LEAD-CAPTURE.md UTM,"HIGH","UTM captured at lead intake; no campaign-level reporting"
Admin/Support,Eligibility,User management (suspend/ban),NOT IMPLEMENTED,0001_core.sql profiles.state + user.suspend perm,"HIGH","Schema + perm exist; no admin UI, no audit trail UI"
Admin/Support,Verification,Fraud review queue,NOT IMPLEMENTED,0001_core.sql settings.fraud.* + fraud.review perm,"HIGH","Settings + perms exist; no queue UI"
Admin/Support,Verification,Manual review assignment,NOT IMPLEMENTED,0001_core.sql tasks.reviewed_by + task.review perm,"HIGH","Column + perm exist; no assignment logic"
Admin/Support,Reward/Ledger State,Payout execution,NOT IMPLEMENTED,0001_core.sql payouts + payout.execute perm,"CRITICAL","Perm + schema; no execution UI, no provider integration"
Admin/Support,Dispute/Support,Dispute resolution UI,NOT IMPLEMENTED,0001_core.sql disputes + dispute.resolve perm,"HIGH","Perm + schema; no resolution UI"
Admin/Support,Retention/Referral/Exit,Platform settings (versioned),NOT IMPLEMENTED,0001_core.sql settings table + settings.write perm,"HIGH","Typed, versioned settings table; no admin UI"
Finance/Operations,Reward/Ledger State,Ledger audit trail,NOT IMPLEMENTED,0001_core.sql audit_log + ledger.read perm,"HIGH","Append-only audit log; no read UI, no export"
Finance/Operations,Reward/Ledger State,Revenue recognition,NOT IMPLEMENTED,0001_core.sql accounts PLATFORM_REVENUE_*,"HIGH","Accounts exist; no recognition logic, no reporting"
Finance/Operations,Reward/Ledger State,Fraud reserve accounting,NOT IMPLEMENTED,0001_core.sql accounts FRAUD_RESERVE_NGN,"HIGH","Account exists; no accrual/release logic"
Finance/Operations,Reward/Ledger State,Payout batch processing,NOT IMPLEMENTED,0001_core.sql settings.payout.batch_size + outbox,"CRITICAL","Setting + outbox exist; no batch worker"
Finance/Operations,Retention/Referral/Exit,Financial reconciliation,NOT IMPLEMENTED,0001_core.sql ledger invariants,"HIGH","Balance invariant proven in tests; no reconciliation report"
Integration/Operator,Entry,API documentation,NOT IMPLEMENTED,No OpenAPI/Swagger,"MEDIUM","No API spec; only RPC functions documented in SQL comments"
Integration/Operator,Eligibility,Webhook receivers (callbacks),NOT IMPLEMENTED,0001_core.sql outbox topics,"HIGH","Outbox topics defined (lead.captured, task.auto_approved, payout.requested); no HTTP webhook handler"
Integration/Operator,Campaign/Task Discovery,Partner/reseller portal,NOT IMPLEMENTED,0001_core.sql partner role + permissions,"HIGH","Role + perms exist; no portal"
Integration/Operator,Reward/Ledger State,Data aggregator integration (Termii),NOT IMPLEMENTED,LEAD-CAPTURE.md §4 + outbox,"CRITICAL","Outbox handoff defined; NO aggregator credentials, NO worker"
Integration/Operator,Dispute/Support,Support ticketing,NOT IMPLEMENTED,0001_core.sql disputes + support perms,"HIGH","Disputes table doubles as tickets; no ticketing UI"
Integration/Operator,Retention/Referral/Exit,Analytics/export pipeline,NOT IMPLEMENTED,0001_core.sql + LEAD-CAPTURE.md UTM,"HIGH","UTM at intake; no downstream analytics"