Claim ID,Claim Text,Source,Persona,Evidence Status (OBSERVED/TESTED/HISTORICAL CLAIM/PROPOSED/UNKNOWN),Implementation Status (IMPLEMENTED/PARTIAL/NOT IMPLEMENTED),Severity Gap,Evidence Reference,Acceptance Criteria,Owner,Release Implication
P-001,"Promota — Naija promotes the world. Money that works as hard as you do.",README.md + BRAND.md + index.html,Visitor,OBSERVED (brand assets, copy),IMPLEMENTED (brand/identity),NONE,brand.yaml + BRAND.md + index.html,Brand assets verified (palette measured, dimensions checked),Brand Lead,No blocker
P-002,"Two-sided promotion marketplace: businesses fund campaigns; verified Nigerians promote from their own accounts with disclosure and earn mobile data first, cash as they grow — for checked results only.",README.md + index.html + STATUS.md,Visitor/Business/Promoter,HISTORICAL CLAIM (STATUS.md) + PROPOSED (index.html),NOT IMPLEMENTED (backend absent),CRITICAL,server.mjs (static-only) vs 0001_core.sql (full schema),Either implement full backend OR update all docs to "lead-capture pilot only",Product Owner,NO-GO for marketplace
P-003,"The form validates and discards. No backend, no auth, no lead capture yet.",README.md §Pre-launch truths,Visitor,OBSERVED (README),CONTRADICTED (lead capture IS implemented),HIGH,README.md vs LEAD-CAPTURE.md vs app.js + 0004/0007,Resolve contradiction: lead capture IS implemented (submit_lead RPC),Product Owner,Must fix before any external communication
P-004,"Lead capture backend: built, locally proven (56+37 DB tests green) and proven over HTTPS against the live Supabase project.",LEAD-CAPTURE.md §1,Visitor/Identity,HISTORICAL CLAIM (live proof BANNED from execution),PARTIAL (local tests pass; live unverified),HIGH,LEAD-CAPTURE.md vs db/live.proof.mjs (BANNED),Independent verification of live.proof.mjs in safe environment,Security Lead,BLOCKING for production (G-001)
P-005,"All six migrations 0001–0006 are applied live. node db/live.proof.mjs — PASS 14 / FAIL 0 / UNVERIFIED 0 — LIVE API PROOF: ALL HOLD.",LEAD-CAPTURE.md §2,Visitor/Identity,HISTORICAL CLAIM (live proof BANNED),UNVERIFIED (cannot execute),CRITICAL,STATUS.md + LEAD-CAPTURE.md + db/live.proof.mjs (BANNED),Execute live.proof.mjs with service_role in approved environment; verify RLS matrix,Security Lead,BLOCKING for production (G-001)
P-006,"Campaign funding must be settled/available before reward liabilities are created; enforce server-side caps and atomic reservation/settlement.",MASTER PROMPT §Product invariants,Business/Finance,HISTORICAL CLAIM (designed in DB),NOT IMPLEMENTED (no server routes),CRITICAL,0001_core.sql assert_campaign_funded() trigger exists but no API,Implement campaign creation + escrow funding API + payment gateway,Backend Lead,NO-GO for marketplace
P-007,"The sum of active and payable liabilities must not exceed cleared campaign funds. Handle fees, reversals, disputes, refunds, and expiry explicitly.",MASTER PROMPT §Product invariants,Finance,HISTORICAL CLAIM (designed in DB),NOT IMPLEMENTED (no server routes),CRITICAL,0001_core.sql liability ≤ escrow guard + auto-pause trigger,Implement spend tracking + settlement + refund logic,Backend Lead,NO-GO for marketplace
P-008,"Ledger entries are immutable or corrected through auditable compensating entries; all reward/payout operations are idempotent and concurrency-safe.",MASTER PROMPT §Product invariants,Finance,TESTED (ledger.test.mjs 56 PASS),IMPLEMENTED (DB invariants),NONE,ledger.test.mjs (balance, immutability, idempotency, single-currency),No action — DB invariants proven,Backend Lead,No blocker (DB layer solid)
P-009,"Never treat client-submitted proof or AI classification alone as authorization to pay. Use server-side policy, risk scoring, and human review/escalation for high-risk cases.",MASTER PROMPT §Product invariants,Verification,HISTORICAL CLAIM (designed in DB),NOT IMPLEMENTED (no verification workers),CRITICAL,0001_core.sql tasks.state machine + settings.fraud.review_sample_pct + 24h auto-approve,Implement proof verification workers + human review queue + risk scoring,Backend Lead,NO-GO for marketplace
P-010,"Separate XP/levels, cash rewards, data rewards, and giveaway eligibility in data models, UX, and reporting.",MASTER PROMPT §Product invariants,Promoter/Finance,HISTORICAL CLAIM (partial in DB),PARTIAL (cash/data separated in payouts.kind; XP/levels absent),HIGH,0001_core.sql payouts.kind (cash/data/airtime/giftcard); XP/levels NOT in schema,Add XP/levels schema + progression logic; separate giveaway tracking,Product + Backend,NO-GO for retention loop
P-011,"No paid giveaway entries; legal review, published terms, eligibility, draw fairness, fulfillment evidence, and jurisdictional requirements must be resolved before launch.",MASTER PROMPT §Product invariants,Legal/Promoter,HISTORICAL CLAIM (mentioned in copy),PROPOSED (weekend data giveaway / first-100 in copy),HIGH,index.html + README.md + FAQ,Legal sign-off + published terms + fairness mechanism + funding proof + fulfillment evidence,Legal + Product,NO-GO until independently approved
P-012,"Admin controls require role-based access, least privilege, versioned settings, audit logs, confirmation for high-impact actions, rollback, and separation of duties.",MASTER PROMPT §Product invariants,Admin,OBSERVED (0001_core.sql RBAC + permissions + audit_log + settings),PARTIAL (schema only; no admin UI),HIGH,0001_core.sql + 0003_access_control.sql,Build admin UI with role.assign, user.suspend, payout.execute, dispute.resolve, settings.write,Admin Lead,NO-GO for marketplace
P-013,"Consent and data-retention choices must be explicit and auditable. Avoid disclosing whether a phone/email is already registered through public response differences.",MASTER PROMPT §Product invariants,Privacy,TESTED (0007 fix + leads.test.mjs),IMPLEMENTED (duplicate phone returns same shape),NONE,0007_fix_submit_lead_oracle.sql + leads.test.mjs (same keys, no message),Backend Lead,No blocker — oracle closed
P-014,"Do not incentivize fake platform engagement or violate third-party platform policies.",MASTER PROMPT §Product invariants,Promoter/Business,OBSERVED (copy + FAQ + BRAND.md),IMPLEMENTED (anti-fake-engagement in copy + anti-MLM in schema),NONE,BRAND.md §5 banned words + FAQ #1 + 0002_leads.sql anti-MLM,No action — compliant by design,Product Lead,No blocker
P-015,"Phone validation: Nigerian MSISDN (0 + 10 digits or +234 + 10 digits); 12-digit +234 rejected.",app.js + phone.test.mjs,Visitor/Identity,TESTED (17 tests PASS),IMPLEMENTED,LOW,phone.test.mjs (12-digit regression tests),No action,Backend Lead,No blocker
P-016,"Referral codes: 8 characters, unambiguous alphabet (no 0/O/1/I/L), DB-assigned from gen_random_uuid(), collision-retried.",0002_leads.sql + leads.test.mjs,Promoter/Retention,TESTED (40 codes all valid),IMPLEMENTED,LOW,leads.test.mjs (regression guard),No action,Backend Lead,No blocker
P-017,"Referrals pay ZERO cash — queue priority only. Anti-MLM rule enforced.",0002_leads.sql + LEAD-CAPTURE.md §3 + BRAND.md,Promoter/Retention,OBSERVED (schema + copy),IMPLEMENTED,LOW,0002_leads.sql (no cash for referrals) + LEAD-CAPTURE.md §3,No action,Product Lead,No blocker — compliant
P-018,"Weekend data giveaway / first-100 qualification program.",README.md + index.html hero/FAQ,Promoter,PROPOSED (copy only),NOT IMPLEMENTED,HIGH,index.html (hero-facts, FAQ) + README.md,Eligibility criteria, fairness mechanism, funding source, terms, legal sign-off,Legal + Product,NO-GO until independently approved
P-019,"Level system: climb from Level 1 to 50.",index.html hero-facts + FAQ,Promoter,PROPOSED (copy only),NOT IMPLEMENTED,HIGH,index.html + FAQ,Add XP/levels schema + progression thresholds + rewards,Product + Backend,NO-GO for retention loop
P-020,"Minimum 200 followers at pilot (YouTube/Facebook).",index.html §earn step 2 + FAQ #1,Promoter,PROPOSED (copy only),NOT IMPLEMENTED,HIGH,index.html + FAQ,Platform OAuth + follower count verification + periodic re-check,Backend Lead,NO-GO for promoter eligibility
P-021,"Verify your phone: One-time code by SMS or WhatsApp. We detect your network so data goes to the right line.",index.html §earn step 1,Promoter,HISTORICAL CLAIM (outbox topic exists),NOT IMPLEMENTED (Termii worker absent),HIGH,LEAD-CAPTURE.md §4 (outbox 'lead.captured') + 0002_leads.sql,Termii API key + worker consuming outbox → OTP → verified_at,Backend Lead,NO-GO for verified_at
P-022,"Link your account: Connect YouTube or Facebook so we can confirm the post is really yours.",index.html §earn step 2,Promoter,PROPOSED (copy only),NOT IMPLEMENTED,HIGH,index.html,Platform OAuth (YouTube/Facebook) + post ownership verification,Backend Lead,NO-GO for promoter eligibility
P-023,"Take a task: We give you a caption, a tracked link and a disclosure tag. You post it as yourself. Every task shows its exact naira price before you start.",index.html §earn step 3,Promoter,PROPOSED (copy only),NOT IMPLEMENTED,CRITICAL,index.html + 0001_core.sql (tasks table),Build task assignment UI + tracked link generator + disclosure enforcement,Backend Lead,NO-GO for marketplace
P-024,"Get checked, then paid: Automated checks, plus human review of roughly one in ten. 48 to 72 hour hold, then data or cash. If the poster stays silent for 24 hours, your submission is approved automatically.",index.html §earn step 4 + FAQ #2,Promoter,HISTORICAL CLAIM (designed in DB),NOT IMPLEMENTED,CRITICAL,0001_core.sql (auto_approve_stale_tasks, hold_hours, fraud.review_sample_pct),Implement verification workers + human review queue + 24h auto-approve cron,Backend Lead,NO-GO for marketplace
P-025,"Your budget is set aside before a campaign goes live, and unspent money returns to you. The campaign cannot spend what you did not fund.",index.html #business,Business,HISTORICAL CLAIM (designed in DB),NOT IMPLEMENTED,CRITICAL,0001_core.sql (assert_campaign_funded, auto-pause, liability ≤ escrow),Implement campaign funding + escrow + refund logic,Backend Lead,NO-GO for marketplace
P-026,"Pay per checked click, sign-up or promo-code use. Follows, likes and views are never billed.",index.html #business + FAQ #1,Business,OBSERVED (copy),IMPLEMENTED (policy in copy),LOW,BRAND.md §5 + FAQ #1 + 0001_core.sql campaigns.objective enum,No action — policy compliant,Product Lead,No blocker
P-027,"Every post carries #ad, so your brand stays inside platform rules.",index.html #business + FAQ #1,Business,OBSERVED (copy),IMPLEMENTED (policy in copy),LOW,BRAND.md §5 + FAQ #1 + 0001_core.sql tasks.disclosure_tag default '#ad',No action — policy compliant,Product Lead,No blocker
P-028,"Campaigns pause themselves at 90 percent of budget. Hard ceiling, not a promise.",index.html #business,Business,HISTORICAL CLAIM (designed in DB),NOT IMPLEMENTED,HIGH,0001_core.sql apply_campaign_autopause() trigger,No action needed at DB level; needs campaign live to test,Backend Lead,NO-GO for marketplace
P-029,"Package price, margin floor and per-outcome price are still being set with pilot partners. Nothing is charged today.",index.html #pricing,Business,OBSERVED (honest copy),IMPLEMENTED (honest about unpublished),LOW,index.html #pricing,No action — honest,Product Lead,No blocker
P-030,"How promoter pay works: Each checked outcome has a price. The promoter share, a fraud reserve, and the platform share come out of it. The split is fixed in code and tested, not decided per payout.",index.html #pricing,Promoter,HISTORICAL CLAIM (designed in DB),NOT IMPLEMENTED (no runtime calculation),HIGH,0001_core.sql (promoter_share_bp, fraud_reserve_bp, margin_floor_bp + triggers),Implement payout calculation + batch execution,Backend Lead,NO-GO for marketplace
P-031,"What sets the price: Supply and demand per platform and niche, inside a floor and ceiling that keep margin above the configured minimum.",index.html #pricing,Business,PROPOSED (copy only),NOT IMPLEMENTED,MEDIUM,index.html #pricing + settings.margin.floor_bp,Build demand-based pricing engine within floor/ceiling,Backend Lead,NO-GO for marketplace
P-032,"Withdrawal rules: Data rewards go only to your own verified numbers. Cash needs identity checks, a minimum balance and a batched payout schedule.",index.html #pricing,Promoter,HISTORICAL CLAIM (designed in DB),NOT IMPLEMENTED,CRITICAL,0001_core.sql (assert_payout_eligibility + settings.payout.min_*),Implement KYC/IDV + payout batch worker + verified phone check,Backend Lead,NO-GO for marketplace
P-033,"Do I get paid for followers or likes? No. We do not sell, buy or pay for followers, likes or silent views.",index.html FAQ #1,Promoter,OBSERVED (copy),IMPLEMENTED (policy),LOW,FAQ #1 + BRAND.md §5,No action,Product Lead,No blocker
P-034,"When would I actually be paid? Not yet. The payout rails are still being built and checked with providers.",index.html FAQ #2,Promoter,OBSERVED (honest copy),IMPLEMENTED (honest about not live),LOW,FAQ #2,No action — honest,Product Lead,No blocker
P-035,"Is this a pyramid scheme? It is designed so it cannot become one. No joining fee, no payment for recruiting people, and no multi-level commission.",index.html FAQ #3,Promoter,OBSERVED (copy + schema),IMPLEMENTED (anti-MLM in schema),LOW,FAQ #3 + 0002_leads.sql (no cash for referrals) + BRAND.md,No action — compliant,Product Lead,No blocker
P-036,"What stops people cheating? One identity per account, minimum account age and followers, filters for automated clicks, a trust score, human review of a sample, payout holds, and clawback if a post is deleted or found fraudulent.",index.html FAQ #4,Promoter,HISTORICAL CLAIM (partial in DB),PARTIAL (unique phone + honeypot implemented; trust score, human review, clawback absent),HIGH,FAQ #4 + 0001_core.sql (trust_score, settings.fraud.*, auto_approve_stale_tasks),Implement trust scoring + human review queue + clawback logic,Backend Lead,MEDIUM — claimed mechanisms absent
P-037,"Which networks can receive data? MTN, Glo and Airtel at pilot, sent through a licensed aggregator rather than direct carrier integration. 9mobile is planned.",index.html FAQ #5,Promoter,HISTORICAL CLAIM (copy),NOT IMPLEMENTED (Termii absent),HIGH,FAQ #5 + LEAD-CAPTURE.md §4,Termii API key + aggregator integration + network confirmation,Backend Lead,NO-GO for data rewards
P-038,"Can I trust this site? Judge what exists, not what is promised. This page is a pilot recruitment page during the build. No testimonials, no customer counts and no earnings figures appear here because none are proven yet.",index.html FAQ #6,Visitor,OBSERVED (radical honesty copy),IMPLEMENTED (honest),NONE,FAQ #6,No action — exemplary pattern,Product Lead,No blocker
P-039,"Earnings depend on checked outcomes and are not guaranteed. Terms, privacy policy and refund policy are published before the pilot opens.",index.html footer,Visitor,OBSERVED (copy),NOT IMPLEMENTED (policies not published),HIGH,index.html footer,Publish Terms of Service + Privacy Policy + Refund Policy before pilot,Legal,NO-GO for pilot launch
P-040,"RLS policies are deployed but UNPROVEN — staging with real JWTs required.",README.md §Pre-launch truths,Security,HISTORICAL CLAIM (STATUS.md says proven; live.proof.mjs BANNED),UNVERIFIED,CRITICAL,README.md vs STATUS.md vs C-002 (no policy files),Execute live.proof.mjs in safe environment; publish RLS policy files,Security Lead,BLOCKING for production (G-001)
P-041,"'Promota' cleared a web prior-art check only. Trademark + CAC + domain: UNVERIFIED.",README.md §Pre-launch truths,Legal,OBSERVED (honest),UNVERIFIED,HIGH,README.md + STATUS.md Blocker #1 + BRAND.md §1,Complete trademark search + CAC registration + domain acquisition,Legal,BLOCKER for launch spend
P-042,"No joining fee. No payment for recruiting. No income promises. Ever.",BRAND.md §1 story + index.html footer + FAQ #3,All,OBSERVED (copy + schema),IMPLEMENTED (anti-MLM in schema),NONE,BRAND.md + 0002_leads.sql + FAQ #3,No action — compliant,Product Lead,No blocker
P-043,"Verified Nigerian promoters earn mobile data and cash for disclosed, checked campaign posts.",index.html meta og:description,Visitor/Business,HISTORICAL CLAIM (copy),NOT IMPLEMENTED (verification + payout absent),CRITICAL,index.html + 0001_core.sql,Implement promoter verification (KYC/phone/platform) + payout rails,Backend Lead,NO-GO for marketplace
P-044,"Agencies and media buyers: Bring business clients onto the platform. Commercial terms are agreed in writing per partner, never as a recruiting chain.",index.html #partners,Partner,PROPOSED (copy only),NOT IMPLEMENTED,MEDIUM,index.html #partners,Build partner portal + commercial terms framework,Product + Backend,NO-GO for marketplace
P-045,"Data resellers: Supply MTN, Glo or Airtel bundles through a licensed aggregator. Your discount becomes shared margin.",index.html #partners,Partner,PROPOSED (copy only),NOT IMPLEMENTED,CRITICAL,index.html #partners + LEAD-CAPTURE.md §4,Termii/aggregator partnership + margin sharing logic,Backend Lead,NO-GO for data rewards
P-046,"Communities: Student, trader and rider groups. A quality bonus applies to cohorts with low fraud, not to recruitment volume.",index.html #partners,Partner,PROPOSED (copy only),NOT IMPLEMENTED,MEDIUM,index.html #partners,Define quality bonus formula + cohort tracking + fraud rate measurement,Product + Backend,NO-GO for marketplace
P-047,"Final prices are not published yet. Publishing numbers before the pilot would be a guess, and we will not invent them.",index.html #pricing,Business,OBSERVED (honest copy),IMPLEMENTED (honest),LOW,index.html #pricing,No action — honest,Product Lead,No blocker
P-048,"Platform.launched = false (settings table). Public launch switch controlled in DB.",0001_core.sql settings,All,OBSERVED (schema),IMPLEMENTED (DB flag),LOW,0001_core.sql settings.platform.launched,No action — flag exists,Backend Lead,No blocker
P-049,"Server injects window.PROMOTA at runtime from SUPABASE_URL / SUPABASE_ANON_KEY service variables, so no key is baked into the image or committed.",STATUS.md §Live deployment,Dev/Visitor,OBSERVED (server.mjs + railway.json),IMPLEMENTED,LOW,server.mjs + railway.json,No action — secure pattern,DevOps,No blocker
P-050,"Strict CSP (script-src 'self', connect-src 'self' https://*.supabase.co, frame-ancestors 'none'), nosniff, frame-deny, referrer-policy: no-referrer.",STATUS.md §Live deployment,Security,OBSERVED (server.mjs),IMPLEMENTED,LOW,server.mjs,No action — secure headers,DevOps,No blocker