Route/Page,Persona,Content Element,Claim/Feature,Evidence Status (OBSERVED/TESTED/HISTORICAL CLAIM/PROPOSED/UNKNOWN),Brand Consistency (Promota/OwoWorks),SEO/Meta,Trust/Eligibility Language,Privacy/Consent,Action Required
/,Visitor,Hero headline,"No job? Student with free time? Your phone is your office.",OBSERVED (index.html),"Promota brand; brand mark shows 'OwoWorks' in SVG",noindex,nofollow; meta description 151 chars,"Pilot build · Not yet open to the public","Consent not collected here",Verify brand mark consistency (OwoWorks vs Promota)
/,Visitor,Hero subhead,"Promota is building honest virtual jobs for Nigerians...",OBSERVED (index.html),"Promota",noindex,nofollow,"Nothing here is live yet — join the pilot list","Consent not collected here",No action
/,Visitor,Hero facts,"Checked results only / #ad on every paid post / Data before cash",OBSERVED (index.html),"Promota",noindex,nofollow,"You are never paid for likes, follows or silent views","Consent not collected here",No action
/,Visitor,Hero CTA,"Join the promoter list / Fund a campaign",OBSERVED (index.html),"Promota",noindex,nofollow,"No payment is collected anywhere on this page","Consent not collected here",No action
/,Visitor,Section: How a promoter earns (4 steps),"1) Verify phone (SMS/WhatsApp) 2) Link account (YouTube/FB, 200+ followers) 3) Take task (caption, tracked link, #ad) 4) Get checked, then paid (48-72h hold, auto-approve 24h)",HISTORICAL CLAIM (index.html) + PROPOSED (steps 1-2,4 not implemented),"Promota",noindex,nofollow,"Minimum 200 followers at pilot","Consent not collected here","CRITICAL: Steps 1, 2, 4 NOT IMPLEMENTED — must mark or implement"
/,Visitor,Section: For business,"Budget set aside before live; unspent returns; pay per checked click/signup/code; #ad on every post; campaigns pause at 90%",HISTORICAL CLAIM (index.html) — backend NOT IMPLEMENTED,"Promota",noindex,nofollow,"Follows, likes and views are never billed","Consent not collected here","CRITICAL: No campaign creation, funding, or management backend"
/,Visitor,Section: Partners,"Agencies/media buyers, data resellers, communities — commercial terms per partner, quality bonus for low fraud cohorts",PROPOSED (index.html) — no backend,"Promota",noindex,nofollow,"Never as a recruiting chain; quality bonus not for recruitment volume","Consent not collected here",Mark as proposed/program
/,Visitor,Section: Pricing,"Final prices not published; pilot partners get written pricing once margin model measured",OBSERVED (index.html) — honest about unpublished,"Promota",noindex,nofollow,"Package price, margin floor, per-outcome price still being set","Consent not collected here",No action (honest)
/,Visitor,FAQ: Paid for followers/likes?,"No. We do not sell, buy or pay for followers, likes or silent views. Payment only for traced click, confirmed signup, promo-code use, post with #ad.",OBSERVED (index.html),"Promota",noindex,nofollow,"Anti-fake-engagement policy explicit",Consent not collected here,No action (compliant)
/,Visitor,FAQ: When paid?,"Not yet. Payout rails still being built and checked. Design: 48-72h hold after check, then data to own line, or cash after identity verification.",OBSERVED (index.html) — HONEST about not live,"Promota",noindex,nofollow,"Transparent about not-yet-live","Consent not collected here",No action (honest)
/,Visitor,FAQ: Pyramid scheme?,"Designed so it cannot become one. No joining fee, no payment for recruiting, no multi-level commission. Ambassador = capped written contract tied to margin + paid work.",OBSERVED (index.html),"Promota",noindex,nofollow,"Anti-MLM explicit",Consent not collected here,No action (compliant design)
/,Visitor,FAQ: Cheating prevention?,"One identity per account, min account age/followers, automated click filters, trust score, human review sample, payout holds, clawback if deleted/fraudulent.",HISTORICAL CLAIM (index.html) — trust score, human review, clawback NOT IMPLEMENTED,"Promota",noindex,nofollow,"Specific mechanisms claimed","Consent not collected here","MEDIUM: Claimed mechanisms absent — must mark or implement"
/,Visitor,FAQ: Networks for data?,"MTN, Glo, Airtel at pilot via licensed aggregator (not direct carrier). 9mobile planned. Network confirmed with aggregator before send.",HISTORICAL CLAIM (index.html) — Termii aggregator NOT INTEGRATED,"Promota",noindex,nofollow,"Specific networks named","Consent not collected here","HIGH: Aggregator absent — cannot fulfill"
/,Visitor,FAQ: Trust this site?,"Judge what exists, not what is promised. Pilot recruitment page during build. No testimonials, customer counts, earnings figures because none proven yet.",OBSERVED (index.html) — RADICAL HONESTY,"Promota",noindex,nofollow,"Explicitly tells user not to trust promises","Consent not collected here",No action (excellent pattern)
/,Visitor,Footer,"Promota / Naija promotes the world / Money that works as hard as you do / Pilot build. Not yet open. No payment processed. Every paid post carries disclosure tag. No fake likes, follows, views bought/sold.",OBSERVED (index.html),"Promota",noindex,nofollow,"Earnings not guaranteed. Terms, privacy policy, refund policy published before pilot opens.",Consent not collected here,"Terms, privacy policy, refund policy NOT YET PUBLISHED — BLOCKER"
/#join,Visitor/Identity,Lead capture form (3 lanes: promoter/business/partner),Collects: name, phone (Nigerian), platform extra, note, ref/UTM, consent_at timestamp, honeypot,IMPLEMENTED + TESTED (app.js, phone.test.mjs, lead.test.mjs, 0004/0007),"Promota brand; form says 'Promota may store your name, phone number and note'",noindex,nofollow,"By joining, you agree Promota may store your name, phone number and note to contact you about the pilot. Your number stays private and is never shown to other members. No payment is collected anywhere on this page.","Consent_at timestamp required (client + server); honeypot; 30-min freshness window","No action — IMPLEMENTED & TESTED"
/#join,Visitor/Identity,Referral preview banner,"You were invited by [First Last-Initial] - their code will be attached to your signup",IMPLEMENTED (app.js preview_referral RPC),"Promota",noindex,nofollow,"Shows masked referrer name only","Ref code attached to signup",No action — IMPLEMENTED
/#join,Visitor/Identity,Success screen,"You are on the list, [Name]. Your invite code is below - share it and move up the queue.",IMPLEMENTED (app.js),"Promota",noindex,nofollow,"Invites move you up the queue. They never earn cash by themselves — rewards come only from checked work. Anyone who promises otherwise is not us.","Ref code displayed; share intents generated","No action — IMPLEMENTED (anti-MLM copy enforced)"
/#join,Visitor/Identity,Share intents,WhatsApp / X / Facebook share with honest copy + ref link,IMPLEMENTED (app.js shareLinks),"Promota",noindex,nofollow,"I joined the Promota pilot list - real virtual jobs for Nigerians, paid in data and cash for checked work. No joining fee, no stories.","Ref link encoded","No action — IMPLEMENTED (honest copy)"
/assets/identity/*,Visitor,Visual assets (logo, favicon, og-image, banners),Brand identity per BRAND.md §4 + brand.yaml,OBSERVED + TESTED (npm run site verifies dimensions),"Promota (brand.yaml name: Promota); BRAND.md documents OwoWorks as prior name","WCAG 2.2 AA pairs verified in BRAND.md §2","N/A","N/A",No action — palette measured, assets verified
/docs/BRAND.md,All,Brand book (name, story, palette, typography, logo, voice, governance),Single source of truth for Promota brand,OBSERVED (BRAND.md),"Promota (name decided 2026-10-02); OwoWorks documented as prior name","N/A","N/A","N/A",No action — comprehensive
/docs/BRAND-SKILLS.md,All,Skill provenance,What skills adopted, from where, what NOT installed,OBSERVED (BRAND-SKILLS.md),"N/A","N/A","N/A","N/A",No action — transparent
/docs/LEAD-CAPTURE.md,All,Lead capture backend doc,Status: built, locally proven, proven over HTTPS; mechanics from Dub/Formbricks; anti-MLM rule,HISTORICAL CLAIM (live proof BANNED from execution) + OBSERVED (code matches),"Promota","N/A","N/A","Consent_at, honeypot, freshness enforced in trigger + RLS","LIVE PROOF BANNED — must verify independently"
/STATUS.md,All,Verified state doc,Claims with evidence; blockers named; nothing assumed,HISTORICAL CLAIM (deployed SHA not current HEAD) + OBSERVED (local tests pass),"Promota (server log updated to Promota)","N/A","N/A","N/A","DEPLOYED SHA ≠ REPO HEAD — must reconcile"
README.md,Visitor,Project README,Brand banner, run commands, layout, pre-launch truths,OBSERVED (README.md),"Promota brand; 'OwoWorks' in brand mark SVG",noindex,nofollow,"Form validates and discards. No backend, no auth, no lead capture yet. noindex stays. RLS deployed but UNPROVEN. Trademark+CAC+domain UNVERIFIED.","N/A","CONTRADICTION: README says 'no lead capture yet' but LEAD-CAPTURE.md says 'built, proven over HTTPS' — must resolve"
/package.json,Dev,Package manifest,Scripts: test, site, serve, db:up, db:test, db:remote, db:probe, db:link, db:live,OBSERVED (package.json),"owoworks package name","N/A","N/A","N/A","Package name 'owoworks' vs brand 'Promota' — cosmetic"
/server.mjs,Dev,Static site server,Serves apps/web/; injects window.PROMOTA from config.js; 405 for non-GET/HEAD; CSP headers,OBSERVED (server.mjs),"Promota in console log","N/A","N/A","Config from SUPABASE_URL/ANON_KEY env vars; missing = 'not connected'","CRITICAL: No API routes — only static + config injection"
/db/migrations/0001_core.sql,Dev/Backend,Full marketplace schema,Identity, RBAC, ledger, escrow, campaigns, tasks, payouts, disputes, settings, audit, RLS,OBSERVED (0001_core.sql) — schema only,"N/A","N/A","N/A","RLS enabled on all tables; policies defined","ZERO SERVER ROUTES — schema is orphaned"
/db/migrations/0002_leads.sql,Dev/Backend,Lead capture + referral schema,Leads table, referral codes, triggers (code assign, notify, validity), RLS (anon INSERT only), RPCs (preview_referral, lead_position),OBSERVED (0002_leads.sql) + TESTED (leads.test.mjs),"N/A","N/A","N/A","Consent freshness, honeypot, phone shape in trigger + RLS","IMPLEMENTED & TESTED — anti-MLM enforced"
/db/migrations/0003_access_control.sql,Dev/Backend,RBAC + permissions,Roles, permissions, role_permissions, user_permissions, assign_role(), guard_role_change(), has_perm(), RLS policies,OBSERVED (0003_access_control.sql) — but NO explicit CREATE POLICY statements found,"N/A","N/A","N/A","RLS enabled; policies use has_perm()","C-002: NO explicit CREATE POLICY statements found in repo — RLS UNVERIFIED"
/db/migrations/0004_submit_lead.sql,Dev/Backend,submit_lead RPC (v1),Single public write action; returns ok/referral_code/position/referred; duplicate phone returns ok:false + message,OBSERVED (0004_submit_lead.sql) — HAS MEMBERSHIP ORACLE,"N/A","N/A","N/A","Consent, honeypot, phone validation, duplicate check","MEMBERSHIP ORACLE PRESENT — fixed in 0007"
/db/migrations/0005_fix_phone_normaliser.sql,Dev/Backend,Phone normaliser fix,Fixes normalise_nigerian_phone for 12-digit +234 inputs,OBSERVED (0005_fix_phone_normaliser.sql) + TESTED (phone.test.mjs regression),"N/A","N/A","N/A","N/A","REGRESSION TESTED — 12-digit inputs correctly rejected"
/db/migrations/0006_secure_migration_ledger.sql,Dev/Backend,Migration ledger security,Revokes anon grants on owoworks_schema_migrations; enables RLS,OBSERVED (0006_secure_migration_ledger.sql) + TESTED (leads.test.mjs),"N/A","N/A","N/A","N/A","REGRESSION TESTED — anon cannot touch migration ledger"
/db/migrations/0007_fix_submit_lead_oracle.sql,Dev/Backend,submit_lead RPC (v2 - FIXED),Duplicate phone returns SAME success shape (ok:true + existing code/position/referred) — no membership oracle,OBSERVED (0007_fix_submit_lead_oracle.sql) + TESTED (leads.test.mjs),"N/A","N/A","N/A","Consent, honeypot, phone validation preserved","FIX VERIFIED — membership oracle CLOSED"